{
  "1": {
    "matrix_size": 7,
    "H_t": 2.6301991731932537,
    "H_cond": 1.0913660689404197,
    "mutual_info": 1.538833104252834,
    "perplexity": 2.5105140612047023
  },
  "2": {
    "matrix_size": 22,
    "H_t": 4.459431618637295,
    "H_cond": 0.9264189530437399,
    "mutual_info": 3.5330126655935548,
    "perplexity": 2.1949903056280697
  },
  "3": {
    "matrix_size": 53,
    "H_t": 5.727920454563195,
    "H_cond": 0.9357869322248025,
    "mutual_info": 4.792133522338393,
    "perplexity": 2.1402307174002693
  }
}