{
  "n_states": 3158,
  "H_cond": 1.0961411620065469,
  "I": 0.9999999996628376,
  "n_states_v2_agg": 1208,
  "H_cond_v2_agg": 0.9605565746864323,
  "I_v2_agg": 1.000000019130577,
  "n_states_res_agg": 76,
  "H_cond_res_agg": 1.5377342224902288,
  "I_res_agg": 3.4848961155204474,
  "n_morph": 7,
  "H_cond_morph": 1.2000117612427226,
  "I_morph": 1.2282786870648277
}